,timestamp
0,2021-03-26 23:30:20.398
2,2021-03-26 23:35:59.244
3,2021-03-26 23:41:35.011
4,2021-03-26 23:47:06.077
5,2021-03-26 23:52:37.737
6,2021-03-26 23:58:12.305
7,2021-03-27 00:03:46.817
8,2021-03-27 00:09:21.309
9,2021-03-27 00:14:57.863
1,2021-03-27 00:20:32.915
10,2021-03-27 00:26:08.405
11,2021-03-27 00:31:46.091
12,2021-03-27 00:37:20.568
13,2021-03-27 00:42:51.643
14,2021-03-27 00:48:23.046
15,2021-03-27 11:09:07.650
16,2021-03-27 11:17:21.917
17,2021-03-27 11:25:13.494
18,2021-03-27 11:33:09.453
19,2021-03-27 11:41:07.293
20,2021-03-27 11:49:05.082
21,2021-03-27 11:57:00.191
22,2021-03-27 12:04:58.510
28,2021-03-27 12:12:57.425
23,2021-03-27 12:20:55.309
24,2021-03-27 12:28:50.520
25,2021-03-27 12:36:52.290
26,2021-03-27 12:44:58.027
27,2021-03-27 12:53:15.376
29,2021-03-27 13:01:17.361
30,2021-03-27 14:34:00.290
31,2021-03-27 14:45:17.158
32,2021-03-27 14:56:20.847
33,2021-03-27 15:07:14.753
34,2021-03-27 15:18:05.461
35,2021-03-27 15:29:26.348
38,2021-03-27 15:40:25.119
39,2021-03-27 15:51:20.616
40,2021-03-27 16:02:21.063
36,2021-03-27 16:13:16.338
37,2021-03-27 16:24:13.038
41,2021-03-27 16:35:04.826
42,2021-03-27 16:46:17.888
43,2021-03-27 16:57:44.128
44,2021-03-27 17:08:45.782
45,2021-03-27 17:33:51.712
46,2021-03-27 17:47:46.740
47,2021-03-27 18:01:56.609
48,2021-03-27 18:15:38.286
49,2021-03-27 18:29:23.935
50,2021-03-27 18:43:17.190
51,2021-03-27 18:57:03.176
52,2021-03-27 19:10:45.653
55,2021-03-27 19:24:36.278
53,2021-03-27 19:38:21.499
54,2021-03-27 19:52:03.351
56,2021-03-27 20:06:03.960
57,2021-03-27 20:19:53.591
58,2021-03-27 20:33:31.841
59,2021-03-27 20:47:13.391
60,2021-03-27 21:37:20.450
61,2021-03-27 21:54:10.802
62,2021-03-27 22:10:35.550
63,2021-03-27 22:26:59.763
64,2021-03-27 22:43:17.834
65,2021-03-27 22:59:42.478
72,2021-03-27 23:16:30.718
73,2021-03-27 23:32:51.935
74,2021-03-27 23:49:09.860
66,2021-03-28 00:05:40.139
67,2021-03-28 00:22:24.484
68,2021-03-28 00:38:48.784
69,2021-03-28 00:55:33.754
70,2021-03-28 01:12:21.205
71,2021-03-28 01:28:59.144
75,2021-03-28 09:46:23.750
76,2021-03-28 10:08:00.819
77,2021-03-28 10:29:27.894
78,2021-03-28 10:50:33.451
79,2021-03-28 11:11:32.518
80,2021-03-28 11:33:43.300
81,2021-03-28 11:56:23.040
82,2021-03-28 12:19:02.662
83,2021-03-28 12:42:26.373
84,2021-03-28 13:05:27.575
85,2021-03-28 13:28:22.227
86,2021-03-28 13:51:29.399
87,2021-03-28 14:14:27.508
88,2021-03-28 14:37:15.741
89,2021-03-28 14:59:59.403
90,2021-03-28 16:34:40.650
91,2021-03-28 16:57:14.487
92,2021-03-28 17:19:20.677
93,2021-03-28 17:41:38.235
94,2021-03-28 18:03:52.343
95,2021-03-28 18:26:17.556
96,2021-03-28 18:48:28.862
97,2021-03-28 19:10:37.927
103,2021-03-28 19:32:39.723
98,2021-03-28 19:54:36.075
99,2021-03-28 20:16:52.506
100,2021-03-28 20:38:51.479
101,2021-03-28 21:00:50.112
102,2021-03-28 21:22:51.552
104,2021-03-28 21:44:47.152
105,2021-03-28 23:07:23.665
106,2021-03-28 23:34:48.206
107,2021-03-29 00:02:50.267
108,2021-03-29 00:31:22.962
111,2021-03-29 00:59:54.949
112,2021-03-29 01:28:37.686
113,2021-03-29 01:57:14.710
114,2021-03-29 02:25:35.976
115,2021-03-29 02:54:01.376
109,2021-03-29 03:23:05.667
110,2021-03-29 03:51:37.432
116,2021-03-29 04:20:01.081
117,2021-03-29 04:48:30.074
118,2021-03-29 05:16:44.148
119,2021-03-29 05:45:04.372
120,2021-03-29 23:00:48.684
121,2021-03-29 23:32:38.966
122,2021-03-30 00:03:57.990
123,2021-03-30 00:36:21.330
124,2021-03-30 01:10:17.046
126,2021-03-30 01:44:41.597
127,2021-03-30 02:20:09.868
128,2021-03-30 02:53:57.411
129,2021-03-30 03:28:29.478
125,2021-03-30 04:00:39.747
130,2021-03-30 04:32:20.210
131,2021-03-30 05:04:56.642
132,2021-03-30 05:37:13.125
133,2021-03-30 06:09:58.210
134,2021-03-30 06:43:05.790
135,2021-03-30 08:55:31.828
136,2021-03-30 09:29:01.120
137,2021-03-30 10:02:05.716
138,2021-03-30 10:35:37.313
139,2021-03-30 11:09:46.714
140,2021-03-30 11:43:48.646
141,2021-03-30 12:18:20.874
143,2021-03-30 12:53:50.971
144,2021-03-30 13:28:30.175
142,2021-03-30 14:03:29.088
145,2021-03-30 14:38:15.796
146,2021-03-30 15:13:35.552
147,2021-03-30 15:48:43.583
148,2021-03-30 16:21:47.638
149,2021-03-30 16:55:48.048
150,2021-03-31 00:00:13.364
151,2021-03-31 00:34:59.761
152,2021-03-31 01:09:30.880
153,2021-03-31 01:42:47.597
154,2021-03-31 02:16:07.814
155,2021-03-31 02:49:17.412
156,2021-03-31 03:23:04.854
157,2021-03-31 03:56:16.242
158,2021-03-31 04:29:49.852
159,2021-03-31 05:03:00.270
160,2021-03-31 05:36:16.053
161,2021-03-31 06:09:24.335
162,2021-03-31 06:42:33.488
163,2021-03-31 07:18:04.850
164,2021-03-31 07:51:53.960
165,2021-03-31 09:54:05.060
166,2021-03-31 10:25:01.201
168,2021-03-31 10:55:03.797
169,2021-03-31 11:25:07.546
170,2021-03-31 11:54:34.753
171,2021-03-31 12:24:10.307
172,2021-03-31 12:53:50.637
173,2021-03-31 13:23:07.984
174,2021-03-31 13:52:08.544
167,2021-03-31 14:21:01.382
175,2021-03-31 14:49:46.399
176,2021-03-31 15:18:58.546
177,2021-03-31 15:49:07.108
178,2021-03-31 16:18:23.020
179,2021-03-31 16:47:52.261
180,2021-03-31 21:48:26.383
181,2021-03-31 22:14:41.503
182,2021-03-31 22:40:45.060
183,2021-03-31 23:06:47.899
184,2021-03-31 23:32:43.091
185,2021-03-31 23:58:59.122
186,2021-04-01 00:25:06.808
187,2021-04-01 00:50:54.319
188,2021-04-01 01:16:41.750
189,2021-04-01 01:42:55.912
190,2021-04-01 02:09:25.341
191,2021-04-01 02:38:40.943
192,2021-04-01 03:06:57.761
193,2021-04-01 03:36:33.669
194,2021-04-01 04:05:51.973
195,2021-04-02 19:12:20.955
196,2021-04-02 19:36:34.256
197,2021-04-02 20:00:22.194
198,2021-04-02 20:24:09.571
199,2021-04-02 20:47:51.043
202,2021-04-02 21:11:32.695
203,2021-04-02 21:35:17.895
204,2021-04-02 21:59:02.028
205,2021-04-02 22:22:53.149
200,2021-04-02 22:46:33.726
201,2021-04-02 23:10:13.901
206,2021-04-02 23:33:54.613
207,2021-04-02 23:57:54.858
208,2021-04-03 00:21:50.215
209,2021-04-03 00:45:33.971
210,2021-04-03 11:18:29.525
211,2021-04-03 11:39:21.168
212,2021-04-03 11:59:57.319
213,2021-04-03 12:20:35.990
220,2021-04-03 12:41:14.290
221,2021-04-03 13:01:54.264
222,2021-04-03 13:22:33.300
223,2021-04-03 13:43:06.681
224,2021-04-03 14:03:45.081
214,2021-04-03 14:24:17.509
215,2021-04-03 14:44:53.063
216,2021-04-03 15:05:25.483
217,2021-04-03 15:26:00.970
218,2021-04-03 15:46:26.454
219,2021-04-03 16:06:41.948
225,2021-04-03 17:57:27.960
226,2021-04-03 18:14:09.452
227,2021-04-03 18:30:40.230
228,2021-04-03 18:47:08.227
229,2021-04-03 19:03:35.947
230,2021-04-03 19:20:03.456
231,2021-04-03 19:36:26.014
238,2021-04-03 19:52:45.321
239,2021-04-03 20:09:10.517
232,2021-04-03 20:25:33.108
233,2021-04-03 20:41:59.179
234,2021-04-03 20:58:40.739
235,2021-04-03 21:15:21.183
236,2021-04-03 21:31:58.680
237,2021-04-03 21:48:42.420
240,2021-04-03 23:27:18.166
241,2021-04-03 23:41:42.021
242,2021-04-03 23:56:06.673
243,2021-04-04 00:10:33.534
244,2021-04-04 00:24:57.513
245,2021-04-04 00:39:24.668
246,2021-04-04 00:53:48.402
247,2021-04-04 01:08:14.988
254,2021-04-04 01:22:38.744
248,2021-04-04 01:37:05.523
249,2021-04-04 01:51:32.700
250,2021-04-04 02:05:59.281
251,2021-04-04 02:20:23.240
252,2021-04-04 02:34:49.814
253,2021-04-04 02:49:15.968
255,2021-04-04 21:50:44.187
256,2021-04-04 22:02:17.360
257,2021-04-04 22:13:19.446
258,2021-04-04 22:24:23.272
259,2021-04-04 22:35:27.825
261,2021-04-04 22:46:29.929
262,2021-04-04 22:57:30.302
263,2021-04-04 23:08:35.136
264,2021-04-04 23:19:40.186
260,2021-04-04 23:30:49.461
265,2021-04-04 23:41:56.813
266,2021-04-04 23:53:11.321
267,2021-04-05 00:04:24.882
268,2021-04-05 00:15:34.974
269,2021-04-05 00:26:50.957
270,2021-04-05 13:11:28.378
271,2021-04-05 13:19:53.470
272,2021-04-05 13:27:55.685
273,2021-04-05 13:35:57.814
274,2021-04-05 13:44:00.101
275,2021-04-05 13:51:58.646
276,2021-04-05 13:59:59.224
277,2021-04-05 14:07:57.538
278,2021-04-05 14:15:57.116
279,2021-04-05 14:23:59.709
280,2021-04-05 14:31:57.717
281,2021-04-05 14:39:55.816
282,2021-04-05 14:48:04.810
283,2021-04-05 14:56:05.677
284,2021-04-05 15:04:04.389
285,2021-04-05 18:57:17.425
286,2021-04-05 19:02:40.714
287,2021-04-05 19:08:19.501
288,2021-04-05 19:14:51.540
289,2021-04-05 19:21:04.240
290,2021-04-05 19:26:59.192
291,2021-04-05 19:32:44.161
298,2021-04-05 19:38:30.723
299,2021-04-05 19:44:25.095
292,2021-04-05 19:50:20.150
293,2021-04-05 19:56:16.756
294,2021-04-05 20:02:15.478
295,2021-04-05 20:08:31.036
296,2021-04-05 20:14:26.300
297,2021-04-05 20:20:19.477
